datetime,demand,total_incl_noncombustion
2020-03-28 10:00:00,-484.90666666666243,71347.5
2020-03-30 10:00:00,-1203.8699999999976,74796.75
2020-03-31 13:00:00,-139.26666666666097,76697.99999999999
2020-04-14 15:00:00,-889.8083333333298,69436.125
2020-04-15 09:00:00,-132.07666666666245,71556.75
2020-04-19 10:00:00,-814.6649999999954,66018.375
2020-04-21 10:00:00,-1068.7066666666628,72103.49999999999
2020-04-22 09:00:00,-1859.8833333333296,71592.75
2020-04-22 10:00:00,-1765.7149999999976,72464.625
2020-04-23 08:00:00,-2637.5949999999975,72361.125
2020-04-23 09:00:00,-5478.119999999996,74695.5
2020-04-23 10:00:00,-5897.638333333331,76161.375
2020-04-23 11:00:00,-2187.1283333333276,77594.62499999999
2020-04-23 12:00:00,-1602.7499999999964,78446.25
2020-04-23 13:00:00,-972.7183333333305,79725.375
2020-04-23 15:00:00,-240.47333333332853,81634.5
2020-04-24 09:00:00,-1170.9733333333293,73656.0
2020-04-24 10:00:00,-638.6616666666627,75331.12499999999
2020-04-26 09:00:00,-255.16166666666328,67483.125
2020-04-26 10:00:00,-1519.2999999999943,69399.00000000001
2020-04-27 10:00:00,-1035.371666666661,76570.87500000001
2020-04-28 09:00:00,-964.3699999999969,75741.75
2020-04-28 10:00:00,-1459.2849999999953,76912.87500000001
2020-05-03 08:00:00,-91.24333333332982,64433.25
2020-05-03 09:00:00,-3898.6133333333305,67005.0
2020-05-03 10:00:00,-5424.5899999999965,69855.75
2020-05-03 11:00:00,-827.8083333333307,71200.12499999999
2020-05-03 12:00:00,-417.49833333332936,71845.875
2020-05-03 15:00:00,-2717.7799999999966,76783.5
2020-05-03 16:00:00,-1406.0716666666642,79315.87499999999
2020-05-04 08:00:00,-1927.0183333333296,75009.37500000001
2020-05-04 09:00:00,-4821.313333333327,76297.5
2020-05-04 10:00:00,-5917.51166666666,77043.375
2020-05-04 11:00:00,-1282.7733333333272,78623.99999999999
2020-05-05 09:00:00,-733.2699999999943,75494.25
2020-05-05 10:00:00,-571.0333333333282,76986.0
2020-05-06 08:00:00,-40.521666666661645,75646.125
2020-05-06 09:00:00,-3233.556666666662,77388.75
2020-05-06 10:00:00,-4954.03333333333,80086.5
2020-05-06 11:00:00,-1769.5049999999965,82150.87500000001
2020-05-06 12:00:00,-775.0833333333276,83909.24999999999
2020-05-07 08:00:00,-340.27999999999497,75559.49999999999
2020-05-07 09:00:00,-2283.344999999995,78928.87499999999
2020-05-07 10:00:00,-2502.5766666666614,81137.25
2020-05-09 08:00:00,-2739.0166666666623,69491.25
2020-05-09 09:00:00,-4211.896666666663,72762.75
2020-05-09 10:00:00,-4404.90166666666,76087.125
2020-05-10 08:00:00,-715.8566666666628,68631.75
2020-05-10 09:00:00,-3832.5583333333284,71674.875
2020-05-10 10:00:00,-3551.904999999997,73537.87499999999
2020-05-11 08:00:00,-14.62499999999477,76755.375
2020-05-11 09:00:00,-1199.489999999997,79823.25000000001
2020-05-11 10:00:00,-1605.5783333333297,82339.87500000001
2020-05-12 09:00:00,-3408.593333333331,77301.0
2020-05-12 10:00:00,-3854.239999999996,79555.5
2020-05-12 15:00:00,-518.9783333333311,83617.875
2020-05-13 08:00:00,-1547.5799999999963,74605.5
2020-05-13 09:00:00,-2499.7366666666617,75732.75
2020-05-13 10:00:00,-3218.6883333333312,77207.625
2020-05-14 09:00:00,-1104.543333333329,78288.74999999999
2020-05-14 10:00:00,-1561.7116666666625,79108.875
2020-05-15 09:00:00,-2852.103333333328,75921.74999999999
2020-05-15 10:00:00,-4752.929999999998,78131.25
2020-05-15 11:00:00,-774.2333333333281,78372.0
2020-05-15 12:00:00,-859.2516666666615,79531.875
2020-05-15 13:00:00,-1509.4483333333283,80807.62499999999
2020-05-15 15:00:00,-1264.8333333333303,84298.5
2020-05-16 08:00:00,-2658.573333333331,68503.5
2020-05-16 09:00:00,-5098.438333333328,72700.875
2020-05-16 10:00:00,-4843.358333333329,75751.87500000001
2020-05-17 08:00:00,-105.3733333333281,67972.50000000001
2020-05-17 09:00:00,-2287.4833333333304,72083.24999999999
2020-05-17 10:00:00,-1918.3283333333288,74575.125
2020-05-19 10:00:00,-2708.814999999996,79493.62499999999
2020-05-20 08:00:00,-1660.6316666666626,72673.875
2020-05-20 09:00:00,-2297.9399999999946,73867.5
2020-05-20 10:00:00,-3201.044999999996,75117.375
2020-05-20 12:00:00,-0.38166666666347737,76802.62499999999
2020-05-20 15:00:00,-1593.4416666666625,80906.62499999999
2020-05-20 16:00:00,-1220.5483333333295,81559.125
2020-05-21 07:00:00,-858.1616666666647,70556.62499999999
2020-05-21 08:00:00,-4556.84833333333,72748.125
2020-05-21 09:00:00,-3693.146666666662,73530.0
2020-05-21 10:00:00,-3978.8149999999955,75704.62499999999
2020-05-21 11:00:00,-158.0866666666634,78133.5
2020-05-21 13:00:00,-515.5316666666631,81579.375
2020-05-21 15:00:00,-1087.8299999999954,84399.75
2020-05-22 09:00:00,-1485.968333333329,76559.625
2020-05-22 10:00:00,-3102.881666666664,78238.12499999999
2020-05-22 15:00:00,-3674.7516666666625,83887.875
2020-05-23 08:00:00,-480.28499999999485,67471.875
2020-05-23 09:00:00,-1944.816666666662,69284.25
2020-05-23 10:00:00,-1963.0966666666639,69738.75
2020-05-23 13:00:00,-49.11333333333005,73809.0
2020-05-23 14:00:00,-304.3383333333286,73960.87499999999
2020-05-23 15:00:00,-3243.988333333329,76168.125
2020-05-23 16:00:00,-1192.0283333333275,79133.625
2020-05-24 08:00:00,-2517.0933333333296,64548.00000000001
2020-05-24 09:00:00,-3900.443333333328,67434.75
2020-05-24 10:00:00,-3646.404999999995,69159.37499999999
2020-05-24 11:00:00,-1263.3399999999965,70465.49999999999
2020-05-24 12:00:00,-2315.943333333329,72114.75
2020-05-24 13:00:00,-2791.231666666662,74451.375
2020-05-24 14:00:00,-118.36666666666133,75915.0
2020-05-24 15:00:00,-2531.3716666666623,77407.875
2020-05-25 08:00:00,-2078.714999999996,67235.625
2020-05-25 09:00:00,-4205.698333333327,70509.375
2020-05-25 10:00:00,-6297.448333333327,73688.625
2020-05-25 11:00:00,-1663.644999999995,77020.875
2020-05-26 09:00:00,-700.114999999996,80236.125
2020-05-26 10:00:00,-258.7466666666621,82894.5
2020-06-08 08:00:00,-309.2666666666637,78462.0
2020-06-08 09:00:00,-1368.0299999999952,81708.75
2020-06-08 10:00:00,-2217.5283333333296,82225.125
2020-06-14 10:00:00,-492.9799999999967,78673.5
2020-06-17 09:00:00,-607.0266666666621,87588.0
2020-06-17 10:00:00,-381.7399999999956,90562.5
2020-10-01 07:00:00,-2928.776666666664,34836.75
2020-10-01 08:00:00,-11796.789999999997,40596.75
2020-10-01 09:00:00,-17689.808333333327,43538.625
2020-10-01 10:00:00,-19528.76166666666,44983.125
2020-10-01 11:00:00,-15745.03666666666,46059.75
2020-10-01 12:00:00,-15749.641666666663,47039.62500000001
2020-10-01 13:00:00,-15203.363333333327,47931.75000000001
2020-10-01 14:00:00,-14435.336666666659,48782.25
2020-10-01 15:00:00,-16741.554999999997,48781.125
2020-10-01 16:00:00,-11293.966666666662,46656.0
2020-10-01 17:00:00,-1291.453333333331,41845.5
2020-11-02 08:00:00,-7950.431666666664,38545.875
2020-11-02 09:00:00,-12769.004999999996,41745.375
2020-11-02 10:00:00,-15433.404999999995,41799.375
2020-11-02 11:00:00,-11679.181666666664,41428.125
2020-11-02 12:00:00,-12300.289999999997,41843.25
2020-11-02 13:00:00,-11192.603333333329,40749.75
2020-11-02 14:00:00,-10580.993333333332,40333.5
2020-11-02 15:00:00,-12455.679999999998,39114.0
2020-11-02 16:00:00,-3565.278333333332,34311.375
2020-12-03 08:00:00,-6635.178333333331,45394.87500000001
2020-12-03 09:00:00,-14566.486666666664,50913.0
2020-12-03 10:00:00,-17468.499999999996,50211.0
2020-12-03 11:00:00,-12643.73666666666,48530.25
2020-12-03 12:00:00,-12288.168333333331,47719.125
2020-12-03 13:00:00,-13068.593333333327,47853.0
2020-12-03 14:00:00,-13183.874999999996,47498.625000000015
2020-12-03 15:00:00,-14236.028333333332,45275.625
2020-12-03 16:00:00,-3726.1083333333313,39133.125
2020-12-03 18:00:00,-442.91999999999916,40004.99999999999
2020-12-03 19:00:00,-497.81499999999915,41675.625
2020-12-03 20:00:00,-728.6383333333324,41151.375
2020-12-03 21:00:00,-799.7649999999994,39882.37499999999
2020-12-04 08:00:00,-6000.163333333332,44840.25
2020-12-04 09:00:00,-13938.409999999996,50037.75
2020-12-04 10:00:00,-16910.84666666666,49140.0
2020-12-04 11:00:00,-13521.706666666661,48699.0
2020-12-04 12:00:00,-13162.26666666666,47520.0
2020-12-04 13:00:00,-13378.41666666666,46959.750000000015
2020-12-04 14:00:00,-12794.434999999998,45505.125
2020-12-04 15:00:00,-14276.348333333332,43363.125
2020-12-04 16:00:00,-4370.701666666666,36991.125
2020-12-04 17:00:00,-693.5249999999982,37578.375
2020-12-04 18:00:00,-975.3566666666657,37856.25
2020-12-04 19:00:00,-868.8066666666659,39546.0
2020-12-04 20:00:00,-1098.3383333333322,39342.375
2020-12-04 21:00:00,-1337.5433333333326,38706.74999999999
2020-12-05 08:00:00,-6462.211666666665,41362.875
2020-12-05 09:00:00,-11974.389999999998,45308.25
2020-12-05 10:00:00,-17069.149999999998,47180.25
2020-12-05 11:00:00,-13556.194999999996,47066.625
2020-12-05 12:00:00,-13361.081666666661,45824.625
2020-12-05 13:00:00,-13455.076666666664,44916.75
2020-12-05 14:00:00,-12690.403333333332,43098.75
2020-12-05 15:00:00,-13664.291666666666,41245.87500000001
2020-12-05 16:00:00,-3962.1566666666645,34940.25
2020-12-05 19:00:00,-311.41499999999905,36608.625
2020-12-05 20:00:00,-233.01166666666631,35850.375
2020-12-05 21:00:00,-342.6166666666659,34661.24999999999
2020-12-06 00:00:00,-494.7399999999993,30397.500000000004
2020-12-06 08:00:00,-5698.153333333331,38371.5
2020-12-06 09:00:00,-13931.264999999996,43428.375
2020-12-06 10:00:00,-17181.621666666666,44371.125
2020-12-06 11:00:00,-13243.208333333328,44042.625
2020-12-06 12:00:00,-12706.604999999992,43954.875000000015
2020-12-06 13:00:00,-10757.454999999994,42935.625
2020-12-06 14:00:00,-8033.791666666665,40746.375
2020-12-06 15:00:00,-9678.684999999998,38761.875
2020-12-06 16:00:00,-2308.409999999998,34134.75
2020-12-06 18:00:00,-173.349999999999,34971.75
2020-12-06 19:00:00,-33.59333333333325,37390.5
2020-12-06 20:00:00,-268.4183333333326,37645.875
2020-12-06 21:00:00,-379.04333333333216,37541.24999999999
2020-12-07 08:00:00,-1082.3766666666647,43638.75
2020-12-07 09:00:00,-6511.339999999997,47349.0
2020-12-07 10:00:00,-11769.171666666665,49822.875
2020-12-07 11:00:00,-8958.348333333332,49415.625
2020-12-07 12:00:00,-9188.084999999995,48945.375
2020-12-07 13:00:00,-8681.319999999996,47785.5
2020-12-07 14:00:00,-8372.621666666662,46436.625
2020-12-07 15:00:00,-8681.309999999998,43215.75
2020-12-07 16:00:00,-2318.7749999999983,38836.12499999999
2020-12-07 18:00:00,-458.1816666666655,40636.125
2020-12-07 19:00:00,-492.8333333333326,41552.99999999999
2020-12-07 20:00:00,-634.6349999999993,41783.62499999999
2020-12-07 21:00:00,-898.3383333333331,40908.375
2020-12-08 08:00:00,-3049.3516666666656,41430.375
2020-12-08 09:00:00,-8574.686666666665,45738.0
2020-12-08 10:00:00,-12410.011666666664,46218.375
2020-12-08 11:00:00,-8469.769999999997,44835.75
2020-12-08 12:00:00,-8352.649999999998,43827.75
2020-12-08 13:00:00,-6575.55833333333,42132.37500000001
2020-12-08 14:00:00,-7404.0049999999965,42267.37500000001
2020-12-08 15:00:00,-8415.221666666665,40469.625
2020-12-08 16:00:00,-1996.7249999999988,37074.375
2020-12-08 18:00:00,-912.3966666666661,39489.74999999999
2020-12-08 19:00:00,-1001.5533333333324,40891.5
2020-12-08 20:00:00,-948.8349999999991,40442.625
2020-12-08 21:00:00,-1417.1533333333332,38457.0
2020-12-09 08:00:00,-3395.453333333332,40459.5
2020-12-09 09:00:00,-11927.664999999997,45678.375
2020-12-09 10:00:00,-15275.836666666664,47526.75
2020-12-09 11:00:00,-11962.759999999995,46921.5
2020-12-09 12:00:00,-11475.501666666663,46153.12500000001
2020-12-09 13:00:00,-11291.883333333331,46221.75000000001
2020-12-09 14:00:00,-11042.14333333333,46374.75
2020-12-09 15:00:00,-10457.313333333332,43609.5
2020-12-09 16:00:00,-3245.4116666666655,39868.875
2020-12-09 20:00:00,-1446.9716666666664,41821.875
2020-12-09 21:00:00,-1577.7749999999996,40600.12499999999
2020-12-10 00:00:00,-1792.2849999999994,32700.374999999996
2020-12-10 03:00:00,-1732.6566666666668,29238.75
2020-12-10 08:00:00,-4291.401666666665,41896.125
2020-12-10 09:00:00,-8054.7183333333305,44836.875
2020-12-10 10:00:00,-10659.879999999997,45382.5
2020-12-10 11:00:00,-10408.194999999996,47237.625
2020-12-10 12:00:00,-10281.473333333332,46273.5
2020-12-10 13:00:00,-12187.589999999997,46919.25
2020-12-10 14:00:00,-11433.491666666661,46573.87500000001
2020-12-10 15:00:00,-12560.723333333332,45587.25
2020-12-10 16:00:00,-3367.584999999998,40332.375
2020-12-10 17:00:00,-1068.2099999999987,42671.25
2020-12-10 20:00:00,-1532.763333333332,43017.75000000001
2020-12-10 22:00:00,-1548.199999999999,39231.0
2020-12-11 06:00:00,-1331.726666666666,33732.0
2020-12-11 07:00:00,-1557.809999999999,37505.25
2020-12-11 08:00:00,-3115.1999999999985,42799.5
2020-12-11 09:00:00,-7327.616666666663,46163.25
2020-12-11 10:00:00,-11459.474999999999,47894.62499999999
2020-12-11 11:00:00,-7089.649999999997,46869.75000000001
2020-12-11 12:00:00,-7556.298333333331,45984.375
2020-12-11 13:00:00,-7807.311666666664,46159.875
2020-12-11 14:00:00,-7027.829999999997,45560.25
2020-12-11 15:00:00,-8580.92333333333,43994.24999999999
2020-12-11 16:00:00,-1795.0166666666655,39971.25
2020-12-11 19:00:00,-465.32499999999936,42582.375
2020-12-11 20:00:00,-506.88833333333287,41689.12499999999
2020-12-11 21:00:00,-649.2133333333327,40873.49999999999
2020-12-11 22:00:00,-759.3733333333325,38245.5
2020-12-12 07:00:00,-547.7283333333321,36626.625
2020-12-12 08:00:00,-721.7399999999989,38047.5
2020-12-12 09:00:00,-5131.391666666665,42739.875
2020-12-12 10:00:00,-8166.118333333332,43914.375
2020-12-12 11:00:00,-6116.539999999996,44302.50000000001
2020-12-12 12:00:00,-7040.339999999997,44005.50000000001
2020-12-12 13:00:00,-7832.46333333333,44462.25
2020-12-12 14:00:00,-7145.634999999996,43754.62500000001
2020-12-12 15:00:00,-8468.544999999998,41556.375
2020-12-12 16:00:00,-2681.7649999999985,37528.875
2020-12-12 19:00:00,-492.78999999999905,39791.24999999999
2020-12-12 20:00:00,-511.579999999999,38996.99999999999
2020-12-12 21:00:00,-677.2566666666658,37959.74999999999
2020-12-12 22:00:00,-630.8083333333325,37058.62499999999
2020-12-13 08:00:00,-4258.548333333331,40676.625
2020-12-13 09:00:00,-6384.941666666664,41725.12499999999
2020-12-13 10:00:00,-8012.799999999997,41935.5
2020-12-13 11:00:00,-6472.60333333333,43454.25
2020-12-13 12:00:00,-7186.098333333331,44022.37500000001
2020-12-13 13:00:00,-4920.323333333331,41924.25
2020-12-13 14:00:00,-5041.593333333331,40819.50000000001
2020-12-13 15:00:00,-5462.439999999998,37831.5
2020-12-13 16:00:00,-928.3399999999981,36391.50000000001
2020-12-13 18:00:00,-1006.329999999999,40533.74999999999
2020-12-13 19:00:00,-1143.0333333333324,42088.5
2020-12-13 20:00:00,-1203.0616666666656,41770.125
2020-12-13 21:00:00,-1512.869999999999,41420.25
2020-12-14 08:00:00,-3976.788333333331,43637.625
2020-12-14 09:00:00,-9784.419999999998,47736.0
2020-12-14 10:00:00,-14045.444999999998,49251.37499999999
2020-12-14 11:00:00,-10603.784999999996,48931.875
2020-12-14 12:00:00,-11361.969999999998,48926.25
2020-12-14 13:00:00,-12182.754999999994,48767.625
2020-12-14 14:00:00,-10986.961666666662,47651.62500000001
2020-12-14 15:00:00,-13500.86833333333,46400.625
2020-12-14 16:00:00,-3928.263333333332,40925.25000000001
2020-12-14 17:00:00,-891.9366666666651,42275.25
2020-12-14 20:00:00,-1338.354999999999,42076.125
2020-12-14 21:00:00,-1210.038333333333,40309.875
2020-12-14 22:00:00,-1230.936666666666,38994.75
2020-12-14 23:00:00,-1310.2466666666664,37291.49999999999
2020-12-15 08:00:00,-4496.738333333331,45363.375
2020-12-15 09:00:00,-10743.319999999996,49828.5
2020-12-15 10:00:00,-14355.828333333331,51193.12499999999
2020-12-15 11:00:00,-11669.624999999996,50691.375
2020-12-15 12:00:00,-12785.066666666662,50382.000000000015
2020-12-15 13:00:00,-12822.53333333333,50076.0
2020-12-15 14:00:00,-11973.291666666664,49633.875
2020-12-15 15:00:00,-14223.846666666665,48181.5
2020-12-15 16:00:00,-5200.523333333332,42360.75
2020-12-15 18:00:00,-1959.408333333332,43727.62499999999
2020-12-15 19:00:00,-1951.786666666666,44491.5
2020-12-15 20:00:00,-2092.8116666666656,43014.375
2020-12-16 06:00:00,-2554.609999999999,36362.24999999999
2020-12-16 08:00:00,-5184.514999999998,44222.625
2020-12-16 09:00:00,-12523.696666666663,48255.75
2020-12-16 10:00:00,-15473.393333333328,49549.5
2020-12-16 11:00:00,-13216.29166666666,49561.875
2020-12-16 12:00:00,-11699.561666666665,47386.125
2020-12-16 13:00:00,-12076.33833333333,47383.875
2020-12-16 14:00:00,-12981.528333333328,48029.62500000001
2020-12-16 15:00:00,-11702.264999999998,44863.875
2020-12-16 16:00:00,-3518.4533333333316,40905.0
2020-12-16 17:00:00,-11.734999999998422,41887.12499999999
2020-12-16 18:00:00,-1017.9766666666656,42878.25
2020-12-16 19:00:00,-1119.7933333333326,43222.5
2020-12-16 20:00:00,-1358.146666666666,42245.99999999999
2020-12-16 21:00:00,-1749.123333333333,40754.25
2020-12-17 08:00:00,-2507.1433333333316,44336.25
2020-12-17 09:00:00,-9264.259999999998,50535.0
2020-12-17 10:00:00,-11261.081666666665,52916.625
2020-12-17 11:00:00,-9571.65833333333,53764.875
2020-12-17 12:00:00,-10251.568333333329,52700.62500000001
2020-12-17 13:00:00,-10177.501666666663,51818.62499999999
2020-12-17 14:00:00,-9144.484999999997,50997.375
2020-12-17 15:00:00,-10059.384999999998,48585.375
2020-12-17 16:00:00,-3825.6083333333327,45298.12500000001
2020-12-17 17:00:00,-1430.6199999999985,45459.00000000001
2020-12-18 01:00:00,-70.22166666666601,40991.625
2020-12-18 04:00:00,-3381.773333333333,37566.0
2020-12-18 05:00:00,-3437.7716666666665,38158.875
2020-12-18 06:00:00,-2936.2299999999996,39471.75
2020-12-18 07:00:00,-3233.866666666666,43339.49999999999
2020-12-18 08:00:00,-6038.484999999998,49120.87499999999
2020-12-18 09:00:00,-12755.031666666664,53611.875000000015
2020-12-18 10:00:00,-16217.199999999995,54886.5
2020-12-18 11:00:00,-13011.278333333332,54160.874999999985
2020-12-18 12:00:00,-13312.598333333332,53571.375
2020-12-18 13:00:00,-13615.101666666662,53321.62499999999
2020-12-18 14:00:00,-13091.249999999996,52251.750000000015
2020-12-18 15:00:00,-14117.03333333333,49509.0
2020-12-18 16:00:00,-4050.2833333333315,43539.74999999999
2020-12-18 17:00:00,-868.0833333333322,43593.75
2020-12-18 18:00:00,-1018.3783333333331,44391.37499999999
2020-12-18 19:00:00,-957.7749999999987,45001.12499999999
2020-12-18 20:00:00,-902.829999999999,44304.74999999999
2020-12-18 21:00:00,-1401.7133333333331,42925.49999999999
2020-12-19 08:00:00,-6009.354999999998,43957.125
2020-12-19 09:00:00,-14178.693333333333,50418.0
2020-12-19 10:00:00,-18410.041666666664,53069.62499999999
2020-12-19 11:00:00,-14608.77333333333,52798.499999999985
2020-12-19 12:00:00,-14395.32666666666,52249.5
2020-12-19 13:00:00,-14884.39333333333,52191.0
2020-12-19 14:00:00,-14314.214999999993,51026.625000000015
2020-12-19 15:00:00,-14611.929999999998,47873.24999999999
2020-12-19 16:00:00,-5599.829999999998,43013.25
2020-12-19 17:00:00,-1977.1199999999988,44046.0
2020-12-19 18:00:00,-2360.2766666666657,46046.24999999999
2020-12-19 19:00:00,-2748.178333333333,47005.875
2020-12-19 20:00:00,-2893.576666666666,46829.25
2020-12-20 06:00:00,-2840.026666666666,36985.5
2020-12-20 08:00:00,-5781.318333333332,42658.87500000001
2020-12-20 09:00:00,-14279.239999999998,49716.00000000001
2020-12-20 10:00:00,-18754.311666666665,52630.875
2020-12-20 11:00:00,-15469.561666666661,52700.625
2020-12-20 12:00:00,-15163.77166666666,52851.37499999999
2020-12-20 13:00:00,-15485.813333333328,53550.000000000015
2020-12-20 14:00:00,-15010.529999999995,52593.749999999985
2020-12-20 15:00:00,-16248.484999999997,50943.375
2020-12-20 16:00:00,-6157.314999999999,45212.625
2020-12-20 17:00:00,-2748.949999999999,45965.25
2020-12-21 04:00:00,-2385.936666666666,31173.749999999996
2020-12-21 05:00:00,-1891.2316666666661,31993.875
2020-12-21 06:00:00,-1464.9449999999997,33532.875
2020-12-21 07:00:00,-1573.813333333333,35779.5
2020-12-21 08:00:00,-3742.281666666665,42134.62500000001
2020-12-21 09:00:00,-11595.69833333333,47977.875
2020-12-21 10:00:00,-16256.334999999995,49901.625
2020-12-21 11:00:00,-13390.691666666662,50065.875000000015
2020-12-21 12:00:00,-13764.023333333327,49065.750000000015
2020-12-21 13:00:00,-13985.389999999996,49767.750000000015
2020-12-21 14:00:00,-14172.273333333327,49657.500000000015
2020-12-21 15:00:00,-15754.176666666663,48179.25
2020-12-21 16:00:00,-6181.038333333331,43284.375
2020-12-21 17:00:00,-2237.1316666666653,44355.375
2020-12-21 18:00:00,-2316.651666666666,44508.37499999999
2020-12-21 19:00:00,-2298.3683333333324,45424.125
2020-12-21 20:00:00,-2698.115,45316.125
2020-12-21 21:00:00,-3345.529999999999,43940.25
2020-12-21 23:00:00,-179.30499999999887,40728.375
2020-12-22 01:00:00,-45.42666666666571,36594.0
2020-12-22 02:00:00,-390.3083333333327,35222.625
2020-12-22 03:00:00,-617.833333333333,34834.5
2020-12-22 04:00:00,-1047.5849999999996,35589.375
2020-12-22 05:00:00,-1328.863333333333,36956.24999999999
2020-12-22 06:00:00,-1144.4899999999989,39264.75
2020-12-22 07:00:00,-935.7783333333322,41619.375
2020-12-22 08:00:00,-6342.516666666665,46914.75
2020-12-22 09:00:00,-13227.34333333333,52364.25000000001
2020-12-22 10:00:00,-18167.43333333333,54873.0
2020-12-22 11:00:00,-14942.476666666662,53790.74999999999
2020-12-22 12:00:00,-15064.28333333333,53471.25
2020-12-22 13:00:00,-15296.993333333328,53820.0
2020-12-22 14:00:00,-14844.216666666664,53291.25
2020-12-22 15:00:00,-17102.764999999996,51465.375
2020-12-22 16:00:00,-8133.103333333332,47612.25
2020-12-22 17:00:00,-4184.949999999999,47652.75
2020-12-22 18:00:00,-872.2883333333326,48700.125
2020-12-22 19:00:00,-677.1833333333319,50564.25
2020-12-22 20:00:00,-416.438333333332,49773.375
2020-12-23 03:00:00,-2859.936666666666,33815.25
2020-12-23 05:00:00,-2859.088333333333,35200.125
2020-12-23 06:00:00,-2502.7649999999994,37132.875
2020-12-23 07:00:00,-2084.4816666666657,38872.12499999999
2020-12-23 08:00:00,-2029.3583333333322,43860.375
2020-12-23 09:00:00,-9891.313333333332,49491.0
2020-12-23 10:00:00,-15575.973333333332,52456.5
2020-12-23 11:00:00,-13655.406666666662,53158.5
2020-12-23 12:00:00,-13777.594999999994,52399.12499999999
2020-12-23 13:00:00,-13853.514999999996,52219.124999999985
2020-12-23 14:00:00,-13734.048333333329,51161.625
2020-12-23 15:00:00,-12862.258333333331,48004.87499999999
2020-12-23 16:00:00,-5399.153333333332,44563.5
2020-12-23 17:00:00,-3297.7566666666653,46226.24999999999
2020-12-23 19:00:00,-2009.8633333333323,46010.24999999999
2020-12-23 20:00:00,-2005.4349999999995,44870.62499999999
2020-12-23 21:00:00,-1963.5233333333322,42693.75
2020-12-23 22:00:00,-2036.9399999999991,41044.5
2020-12-24 08:00:00,-233.04999999999893,43134.75000000001
2020-12-24 09:00:00,-3915.3516666666646,46132.875
2020-12-24 10:00:00,-7589.561666666666,48538.12499999999
2020-12-24 11:00:00,-4296.154999999998,47354.625
2020-12-24 12:00:00,-4316.871666666663,46371.375
2020-12-24 13:00:00,-4375.128333333331,44762.625
2020-12-24 14:00:00,-4063.4183333333303,43882.87500000001
2020-12-24 15:00:00,-4934.808333333332,41878.125
2020-12-24 16:00:00,-1342.0616666666654,39974.62499999999
2020-12-24 19:00:00,-1439.746666666666,43416.0
2020-12-24 20:00:00,-1389.0099999999993,42086.24999999999
2020-12-24 21:00:00,-1431.0499999999993,41055.75
2020-12-25 04:00:00,-1498.5066666666662,32004.0
2020-12-25 08:00:00,-3898.1449999999977,40755.37500000001
2020-12-25 09:00:00,-10662.818333333329,45300.375
2020-12-25 10:00:00,-14405.389999999998,46365.74999999999
2020-12-25 11:00:00,-12810.126666666663,47250.0
2020-12-25 12:00:00,-12692.888333333329,46342.12500000001
2020-12-25 13:00:00,-12112.864999999998,45417.37500000001
2020-12-25 14:00:00,-11817.874999999996,44888.625
2020-12-25 15:00:00,-13619.956666666665,43031.25
2020-12-25 16:00:00,-4185.954999999998,37288.125
2020-12-25 17:00:00,-1081.9449999999981,38590.875
2020-12-25 18:00:00,-1036.8399999999992,40491.0
2020-12-25 19:00:00,-966.558333333332,41407.875
2020-12-25 20:00:00,-1346.043333333333,41199.74999999999
2020-12-25 23:00:00,-1589.7183333333332,38977.875
2020-12-26 08:00:00,-4496.838333333331,41457.375
2020-12-26 09:00:00,-11687.94333333333,46586.25
2020-12-26 10:00:00,-15940.669999999995,48489.75
2020-12-26 11:00:00,-13891.779999999995,49693.5
2020-12-26 12:00:00,-13317.641666666663,49258.12500000001
2020-12-26 13:00:00,-12070.98333333333,48147.75
2020-12-26 14:00:00,-11316.079999999998,47412.0
2020-12-26 15:00:00,-12891.249999999998,44844.75
2020-12-26 16:00:00,-5696.916666666666,41717.25000000001
2020-12-26 17:00:00,-2877.888333333332,44137.125
2020-12-27 04:00:00,-1844.248333333333,32450.624999999996
2020-12-27 05:00:00,-1852.1749999999997,32225.624999999996
2020-12-27 06:00:00,-1650.2366666666667,32141.249999999996
2020-12-27 07:00:00,-1729.4866666666667,33030.0
2020-12-27 09:00:00,-3792.3583333333313,39684.375
2020-12-27 10:00:00,-7548.568333333332,42332.62500000001
2020-12-27 11:00:00,-6879.034999999997,43970.62500000001
2020-12-27 12:00:00,-7516.449999999996,43589.25000000001
2020-12-27 13:00:00,-7658.301666666664,42103.125
2020-12-27 14:00:00,-7418.23833333333,41407.87500000001
2020-12-27 15:00:00,-8653.279999999997,38551.5
2020-12-27 16:00:00,-934.038333333332,33528.375
2020-12-27 20:00:00,-36.563333333332594,39426.74999999999
2020-12-27 21:00:00,-233.32833333333247,39263.625
2020-12-28 09:00:00,-4557.744999999998,41898.37500000001
2020-12-28 10:00:00,-6970.204999999998,44485.875
2020-12-28 11:00:00,-5248.614999999997,44834.625
2020-12-28 12:00:00,-5299.03333333333,44163.00000000001
2020-12-28 13:00:00,-4629.106666666664,43074.0
2020-12-28 14:00:00,-4747.848333333331,42557.62500000001
2020-12-28 15:00:00,-6807.123333333332,41204.25
2020-12-28 16:00:00,-2838.0883333333313,41077.125
2020-12-28 19:00:00,-2166.074999999999,45433.12499999999
2020-12-29 05:00:00,-2012.7133333333327,31207.5
2020-12-29 06:00:00,-1651.996666666666,32307.75
2020-12-29 07:00:00,-1565.793333333333,34551.0
2020-12-29 08:00:00,-1697.851666666665,39625.87500000001
2020-12-29 09:00:00,-9667.668333333331,46166.625
2020-12-29 10:00:00,-14005.92333333333,49119.75
2020-12-29 11:00:00,-11089.106666666663,49599.0
2020-12-29 12:00:00,-11802.669999999998,50280.74999999999
2020-12-29 13:00:00,-12775.37666666666,51072.750000000015
2020-12-29 14:00:00,-11969.688333333328,51364.125
2020-12-29 15:00:00,-15211.439999999999,49918.5
2020-12-29 16:00:00,-6293.92333333333,44903.25
2020-12-29 18:00:00,-1182.763333333332,44498.25000000001
2020-12-29 19:00:00,-768.9533333333329,45274.5
2020-12-29 20:00:00,-837.7949999999996,44092.12499999999
2020-12-29 21:00:00,-1116.9616666666657,42751.125
2020-12-30 08:00:00,-4716.838333333331,45201.37499999999
2020-12-30 09:00:00,-13972.816666666664,51306.75
2020-12-30 10:00:00,-17995.629999999994,53228.250000000015
2020-12-30 11:00:00,-14603.269999999997,52580.25000000001
2020-12-30 12:00:00,-13654.801666666659,51422.625
2020-12-30 13:00:00,-12758.669999999995,50154.750000000015
2020-12-30 14:00:00,-12258.778333333328,49138.875
2020-12-30 15:00:00,-12776.68833333333,46990.125
2020-12-30 16:00:00,-4305.084999999998,42834.375
2020-12-30 17:00:00,-1795.9649999999988,44670.375
2020-12-30 18:00:00,-1645.764999999999,44845.875
2020-12-30 19:00:00,-1528.2866666666655,46228.49999999999
2020-12-30 20:00:00,-1747.913333333332,45337.5
2020-12-30 21:00:00,-2247.2416666666654,44335.12499999999
2020-12-31 08:00:00,-4777.519999999999,46098.0
2020-12-31 09:00:00,-12212.924999999997,50956.87500000001
2020-12-31 10:00:00,-14168.973333333332,51489.0
2020-12-31 11:00:00,-10238.174999999996,50369.625
2020-12-31 12:00:00,-11101.264999999996,49260.375
2020-12-31 13:00:00,-11753.03333333333,49761.0
2020-12-31 14:00:00,-11744.203333333327,48611.250000000015
2020-12-31 15:00:00,-12932.67833333333,45777.375
2020-12-31 16:00:00,-3742.996666666665,40124.25
2020-12-31 17:00:00,-459.4383333333319,41713.875
2020-12-31 18:00:00,-1047.3349999999987,42566.625
2020-12-31 19:00:00,-660.8616666666653,43111.125
2020-12-31 20:00:00,-872.728333333333,41684.62499999999
2020-12-31 21:00:00,-1023.6516666666662,40048.87499999999
